{
	"device_id":	"1234",
	"device_name":	"Smart Thermostat",
	"sensors":	[{
			"sensor_id":	"s1",
			"sensor_type":	"temperature",
			"data":	{
				"value":	72.5,
				"units":	"F"
			}
		}, {
			"sensor_id":	"s2",
			"sensor_type":	"humidity",
			"data":	{
				"value":	45.2,
				"units":	"%"
			}
		}, {
			"sensor_id":	"s3",
			"sensor_type":	"motion",
			"data":	{
				"value":	"active",
				"units":	"active or not"
			}
		}],
	"settings":	{
		"temperature":	{
			"target":	68,
			"range":	[65, 72],
			"notifications":	true
		},
		"humidity":	{
			"target":	50,
			"range":	[40, 60],
			"notifications":	true
		}
	},
	"metadata":	{
		"location":	{
			"lat":	37.7749,
			"longt":	-122.4194
		},
		"room":	"Living Room"
	}
}
